{"cameraMode":{"drawMode":0,"name":"Shaded","section":"Shading Mode"},"sceneLighting":true,"audioPlay":false,"sceneViewState":{"showFog":true,"showMaterialUpdate":true,"showSkybox":false,"showFlares":true,"showImageEffects":true,"showParticleSystems":true},"in2DMode":false,"pivot":{"x":0.7519999742507935,"y":0.8510000109672546,"z":0.210999995470047},"rotation":{"x":-0.07429494708776474,"y":0.5386093258857727,"z":-0.04789941757917404,"w":-0.8380350470542908},"size":0.27539610862731936,"orthographic":false}