{"cameraMode":{"drawMode":0,"name":"Shaded","section":"Shading Mode"},"sceneLighting":false,"audioPlay":false,"sceneViewState":{"showFog":true,"showMaterialUpdate":true,"showSkybox":true,"showFlares":true,"showImageEffects":true,"showParticleSystems":true},"in2DMode":false,"pivot":{"x":496.9322814941406,"y":59.93586730957031,"z":-23.46194839477539},"rotation":{"x":-0.15307311713695527,"y":-0.6530565023422241,"z":0.1372033655643463,"w":-0.7291260957717896},"size":173.48782348632813,"orthographic":false}