{"cameraMode":{"drawMode":0,"name":"Shaded","section":"Shading Mode"},"sceneLighting":false,"audioPlay":false,"sceneViewState":{"showFog":true,"showMaterialUpdate":true,"showSkybox":false,"showFlares":true,"showImageEffects":true,"showParticleSystems":true},"in2DMode":false,"pivot":{"x":430.04998779296877,"y":217.96499633789063,"z":0.0},"rotation":{"x":-0.12240302562713623,"y":-0.06984712928533554,"z":0.008716379292309285,"w":-0.9901654720306397},"size":507.79571533203127,"orthographic":false}