{"cameraMode":{"drawMode":0,"name":"Shaded","section":"Shading Mode"},"sceneLighting":true,"audioPlay":false,"sceneViewState":{"showFog":true,"showMaterialUpdate":true,"showSkybox":false,"showFlares":true,"showImageEffects":true,"showParticleSystems":true},"in2DMode":false,"pivot":{"x":0.3301661014556885,"y":0.5167703628540039,"z":0.37973594665527346},"rotation":{"x":0.108554407954216,"y":0.8915088176727295,"z":-0.3113945424556732,"w":0.31116726994514468},"size":2.7026522159576418,"orthographic":false}