{"cameraMode":{"drawMode":0,"name":"Shaded","section":"Shading Mode"},"sceneLighting":true,"audioPlay":false,"sceneViewState":{"showFog":true,"showMaterialUpdate":false,"showSkybox":false,"showFlares":true,"showImageEffects":true,"showParticleSystems":true},"in2DMode":false,"pivot":{"x":0.00040270743193104863,"y":0.00010401719919173047,"z":-1.243621587753296},"rotation":{"x":-0.07622098922729492,"y":0.39116889238357546,"z":-0.03136276826262474,"w":-0.9167238473892212},"size":1.8964380025863648,"orthographic":false}