{"cameraMode":{"drawMode":0,"name":"Shaded","section":"Shading Mode"},"sceneLighting":false,"audioPlay":false,"sceneViewState":{"showFog":true,"showMaterialUpdate":true,"showSkybox":false,"showFlares":true,"showImageEffects":true,"showParticleSystems":true},"in2DMode":false,"pivot":{"x":0.4323163628578186,"y":-1.0789861679077149,"z":-2.2661638259887697},"rotation":{"x":0.0439341738820076,"y":0.9140408635139465,"z":-0.3902207911014557,"w":0.1027240976691246},"size":4.0667314529418949,"orthographic":false}